{"cameraMode":{"drawMode":0,"name":"Shaded","section":"Shading Mode"},"sceneLighting":true,"audioPlay":false,"sceneViewState":{"showFog":true,"showMaterialUpdate":false,"showSkybox":true,"showFlares":true,"showImageEffects":true,"showParticleSystems":true},"in2DMode":false,"pivot":{"x":0.9551758766174316,"y":-0.09543395042419434,"z":5.988520622253418},"rotation":{"x":0.17694254219532014,"y":-0.48761242628097536,"z":0.10163925588130951,"w":0.848878800868988},"size":3.007394790649414,"orthographic":false}