{"cameraMode":{"drawMode":0,"name":"Shaded","section":"Shading Mode"},"sceneLighting":true,"audioPlay":false,"sceneViewState":{"showFog":true,"showMaterialUpdate":false,"showSkybox":true,"showFlares":true,"showImageEffects":true,"showParticleSystems":true},"in2DMode":false,"pivot":{"x":-3.70810604095459,"y":0.25010108947753909,"z":3.288395881652832},"rotation":{"x":-0.1845872551202774,"y":0.5636535882949829,"z":-0.13097138702869416,"w":-0.7943984866142273},"size":9.597207069396973,"orthographic":false}