{"cameraMode":{"drawMode":0,"name":"Shaded","section":"Shading Mode"},"sceneLighting":true,"audioPlay":false,"sceneViewState":{"showFog":true,"showMaterialUpdate":false,"showSkybox":true,"showFlares":true,"showImageEffects":true,"showParticleSystems":true},"in2DMode":false,"pivot":{"x":-3.2030229568481447,"y":-3.839620590209961,"z":1.3068218231201172},"rotation":{"x":-0.10011753439903259,"y":0.8499369025230408,"z":-0.17477816343307496,"w":-0.4868662655353546},"size":7.225857257843018,"orthographic":false}